the_geom,median_household_total_income_2015_2015_constant_dollars,rank_going_up,ctcode,number_of_households_2015,median_household_total_income_2005_2015_constant_dollars,cartodb_id,number_of_households_2005,median_household_total_income_2005_2015_constant_dollars_2,percentage_change,province_territory,geographic_code_province_territory,census_metropolitan_area_census_agglomeration
,145481,5477,9330133.02,2245,147809,1,2185,147809,-1.575005582,British Columbia,59,Vancouver (CMA)
,144128,5468,9330132,1260,134908,2,1315,134908,6.83428707,British Columbia,59,Vancouver (CMA)
,143155,5463,9330021,1230,177529,3,1265,177529,-19.36247036,British Columbia,59,Vancouver (CMA)
,139410,5439,9330121,1440,109686,4,1475,109686,27.09917401,British Columbia,59,Vancouver (CMA)
,139349,5438,9350103,935,121724,5,935,121724,14.47947816,British Columbia,59,Victoria (CMA)
,138459,5429,9330185.08,425,113131,6,410,113131,22.38820482,British Columbia,59,Vancouver (CMA)
,134656,5396,9330114.01,960,115655,7,950,115655,16.42903463,British Columbia,59,Vancouver (CMA)
,131413,5362,9330250.02,1485,123260,8,1360,123260,6.614473471,British Columbia,59,Vancouver (CMA)
,127488,5314,9330133.01,1430,114684,9,1415,114684,11.1645914,British Columbia,59,Vancouver (CMA)
,126976,5307,9330122,1360,122325,10,1365,122325,3.80216636,British Columbia,59,Vancouver (CMA)
,126025,5286,9150001,3295,108224,11,1985,108224,16.44829243,British Columbia,59,Kelowna (CMA)
,125184,5272,9330110.04,1445,111630,12,1480,111630,12.14189734,British Columbia,59,Vancouver (CMA)
,125184,5271,9330008.02,1495,116925,13,1480,116925,7.063502245,British Columbia,59,Vancouver (CMA)
,124300,5255,9330260.08,2355,107906,14,2005,107906,15.19285304,British Columbia,59,Vancouver (CMA)
,123648,5246,9330182.04,540,112293,15,450,112293,10.1119393,British Columbia,59,Vancouver (CMA)
,122624,5221,9330181.12,950,128771,16,835,128771,-4.773590327,British Columbia,59,Vancouver (CMA)
,121984,5208,9330110.03,1215,101167,17,1170,101167,20.57686795,British Columbia,59,Vancouver (CMA)
,121702,5203,9330116,1800,104318,18,1790,104318,16.66442992,British Columbia,59,Vancouver (CMA)
,121161,5187,9330260.06,1420,117244,19,1385,117244,3.340895909,British Columbia,59,Vancouver (CMA)
,120768,5179,9330110.02,1080,106704,20,1055,106704,13.18038686,British Columbia,59,Vancouver (CMA)
,118944,5152,9330160.01,1660,115041,21,1620,115041,3.392703471,British Columbia,59,Vancouver (CMA)
,118912,5151,9330182.02,2025,103722,22,880,103722,14.64491622,British Columbia,59,Vancouver (CMA)
,118848,5148,9330404.02,2150,85814,23,1015,85814,38.49488428,British Columbia,59,Vancouver (CMA)
,118528,5138,9330120,1360,104137,24,1345,104137,13.81929574,British Columbia,59,Vancouver (CMA)
,117632,5116,9330162.04,1875,114663,25,1845,114663,2.589326984,British Columbia,59,Vancouver (CMA)
,116992,5098,9330290.04,2505,107692,27,2415,107692,8.635738959,British Columbia,59,Vancouver (CMA)
,116395,5085,9330024,1990,114879,28,2010,114879,1.31964937,British Columbia,59,Vancouver (CMA)
,115968,5075,9330502.06,960,102355,29,910,102355,13.29978995,British Columbia,59,Vancouver (CMA)
,114773,5046,9330181.07,1295,103433,30,1270,103433,10.96361896,British Columbia,59,Vancouver (CMA)
,114624,5042,9330114.02,1790,101402,31,1705,101402,13.03919055,British Columbia,59,Vancouver (CMA)
,114592,5040,9330410.06,1610,99746,32,1170,99746,14.88380486,British Columbia,59,Vancouver (CMA)
,114381,5036,9350100,1630,103069,33,1630,103069,10.97517197,British Columbia,59,Victoria (CMA)
,113971,5022,9330117,2145,109858,35,2055,109858,3.743923975,British Columbia,59,Vancouver (CMA)
,113920,5021,9350104,1140,113886,36,1150,113886,0.029854416,British Columbia,59,Victoria (CMA)
,113075,4987,9330504.09,1585,103204,37,720,103204,9.564551762,British Columbia,59,Vancouver (CMA)
,112407,4968,9330111.02,2750,99814,38,2610,99814,12.61646663,British Columbia,59,Vancouver (CMA)
,112384,4967,9330187.07,575,98372,39,495,98372,14.24389054,British Columbia,59,Vancouver (CMA)
,112230,4962,9150019.03,2070,96602,40,1390,96602,16.17771889,British Columbia,59,Kelowna (CMA)
,111639,4937,9320012.01,1680,91443,41,1460,91443,22.08588957,British Columbia,59,Abbotsford - Mission (CMA)
,111531,4935,9330236,1160,109847,42,1120,109847,1.533041412,British Columbia,59,Vancouver (CMA)
,111403,4928,9330287.02,3765,99121,44,1235,99121,12.39091615,British Columbia,59,Vancouver (CMA)
,111360,4926,9330023,1370,99795,45,1385,99795,11.58875695,British Columbia,59,Vancouver (CMA)
,110208,4881,9330400.04,2265,88376,46,1600,88376,24.70353942,British Columbia,59,Vancouver (CMA)
,109641,4865,9250006.01,2265,99020,47,1525,99020,10.72611594,British Columbia,59,Kamloops (CA)
,109504,4863,9330504.03,2145,93887,48,2130,93887,16.63382577,British Columbia,59,Vancouver (CMA)
,109466,4861,9330503.01,840,99927,49,825,99927,9.545968557,British Columbia,59,Vancouver (CMA)
,109440,4860,9330119,820,87263,50,830,87263,25.41397843,British Columbia,59,Vancouver (CMA)
,109380,4858,9330183.05,3560,95807,51,2315,95807,14.16702329,British Columbia,59,Vancouver (CMA)
,109312,4857,9700003,2785,97325,52,2320,97325,12.31646545,British Columbia,59,Prince George (CA)
,108885,4840,9700102,1280,91317,53,1160,91317,19.23847695,British Columbia,59,Prince George (CA)
,108672,4834,9330505.01,1275,92107,54,885,92107,17.98451801,British Columbia,59,Vancouver (CMA)
,108654,4832,9350132.03,2410,102105,55,2260,102105,6.413985603,British Columbia,59,Victoria (CMA)
,107605,4797,9330181.08,930,102324,58,925,102324,5.161057035,British Columbia,59,Vancouver (CMA)
,107392,4788,9320106.04,1445,92492,59,1160,92492,16.10950136,British Columbia,59,Abbotsford - Mission (CMA)
,107264,4785,9700004,1010,95686,60,800,95686,12.09999373,British Columbia,59,Prince George (CA)
,106880,4774,9330400.06,1375,89787,61,1020,89787,19.03727711,British Columbia,59,Vancouver (CMA)
,106880,4773,9330135,1640,117646,62,1795,117646,-9.151182361,British Columbia,59,Vancouver (CMA)
,106688,4762,9330163.04,1825,92386,63,1785,92386,15.48070054,British Columbia,59,Vancouver (CMA)
,106342,4748,9250005.02,1170,101957,64,1135,101957,4.300832704,British Columbia,59,Kamloops (CA)
,106338,4746,9330292.01,1830,96801,65,1780,96801,9.852170949,British Columbia,59,Vancouver (CMA)
,106212,4743,9330180.01,2705,142241,66,1965,142241,-25.32954633,British Columbia,59,Vancouver (CMA)
,106138,4741,9330188.05,785,98761,67,670,98761,7.469547696,British Columbia,59,Vancouver (CMA)
,105984,4737,9350121.02,1380,118610,68,1325,118610,-10.64497091,British Columbia,59,Victoria (CMA)
,105801,4735,9350120,1805,87992,69,1800,87992,20.23933994,British Columbia,59,Victoria (CMA)
,105259,4716,9330183.07,2275,96352,70,2145,96352,9.244229492,British Columbia,59,Vancouver (CMA)
,103834,4661,9330162.02,2000,95567,71,1940,95567,8.650475583,British Columbia,59,Vancouver (CMA)
,103753,4653,9330502.03,1650,94701,72,1650,94701,9.55850519,British Columbia,59,Vancouver (CMA)
,103595,4643,9330115,1990,80464,73,1915,80464,28.7470173,British Columbia,59,Vancouver (CMA)
,103509,4638,9350155.01,830,88869,74,705,88869,16.47368599,British Columbia,59,Victoria (CMA)
,103475,4635,9320012.02,1450,95623,75,1215,95623,8.211413572,British Columbia,59,Abbotsford - Mission (CMA)
,102571,4594,9700020,1985,99340,77,1845,99340,3.252466277,British Columbia,59,Prince George (CA)
,102528,4591,9330287.1,845,102995,78,810,102995,-0.453420069,British Columbia,59,Vancouver (CMA)
,102502,4590,9330182.03,1185,97009,79,1060,97009,5.662361224,British Columbia,59,Vancouver (CMA)
,102473,4585,9330163.01,1870,103051,80,1155,103051,-0.560887328,British Columbia,59,Vancouver (CMA)
,102443,4583,9330501.02,1920,94818,81,1850,94818,8.041722036,British Columbia,59,Vancouver (CMA)
,102400,4582,9330150,300,100909,82,290,100909,1.477568899,British Columbia,59,Vancouver (CMA)
,102016,4568,9330188.07,1215,102941,84,1110,102941,-0.898572969,British Columbia,59,Vancouver (CMA)
,101803,4556,9150003.01,1620,93196,85,1485,93196,9.235374909,British Columbia,59,Kelowna (CMA)
,101734,4552,9350132.01,1615,94294,86,1600,94294,7.890215708,British Columbia,59,Victoria (CMA)
,101696,4548,9330160.03,2050,89564,88,2140,89564,13.54562101,British Columbia,59,Vancouver (CMA)
,101530,4541,9330184.15,865,85654,89,795,85654,18.53503631,British Columbia,59,Vancouver (CMA)
,101461,4536,9330502.05,1060,75996,90,910,75996,33.50834254,British Columbia,59,Vancouver (CMA)
,100864,4512,9330162.01,1830,95401,93,1805,95401,5.72635507,British Columbia,59,Vancouver (CMA)
,100672,4501,9350132.04,1740,92980,94,1650,92980,8.272746827,British Columbia,59,Victoria (CMA)
,100535,4494,9330502.01,895,93882,95,865,93882,7.086555463,British Columbia,59,Vancouver (CMA)
,100238,4480,9330400.05,2425,93886,96,1805,93886,6.765651961,British Columbia,59,Vancouver (CMA)
,99968,4464,9330020,840,73280,97,855,73280,36.41921397,British Columbia,59,Vancouver (CMA)
,99755,4448,9700002,2050,93307,98,1880,93307,6.910521183,British Columbia,59,Prince George (CA)
,99730,4445,9320205,2135,83158,100,1385,83158,19.9283292,British Columbia,59,Abbotsford - Mission (CMA)
,99712,4444,9330292.03,2070,77053,101,1965,77053,29.40703152,British Columbia,59,Vancouver (CMA)
,99584,4435,9330188.01,880,74547,102,765,74547,33.58552323,British Columbia,59,Vancouver (CMA)
,99584,4434,9330184.14,3025,92806,103,1400,92806,7.303407107,British Columbia,59,Vancouver (CMA)
,99541,4425,9330403.05,1615,90220,104,1470,90220,10.3314121,British Columbia,59,Vancouver (CMA)
,99520,4424,9330007.02,1155,97769,105,1160,97769,1.790956234,British Columbia,59,Vancouver (CMA)
,99285,4410,9330161.06,1760,89525,106,1550,89525,10.90198269,British Columbia,59,Vancouver (CMA)
,99255,4409,9250004,2960,79082,107,2465,79082,25.50896538,British Columbia,59,Kamloops (CA)
,99157,4405,9330285.02,1855,92110,108,1735,92110,7.65063511,British Columbia,59,Vancouver (CMA)
,98944,4395,9700021,1065,96545,109,990,96545,2.484851624,British Columbia,59,Prince George (CA)
,98773,4386,9330182.05,2305,95012,110,1475,95012,3.958447354,British Columbia,59,Vancouver (CMA)
,98688,4379,9330221.01,615,89817,111,575,89817,9.87674939,British Columbia,59,Vancouver (CMA)
,98645,4377,9330043.02,1595,104291,112,1630,104291,-5.41369821,British Columbia,59,Vancouver (CMA)
,98487,4371,9330404.01,2225,88748,113,2030,88748,10.97376842,British Columbia,59,Vancouver (CMA)
,98483,4369,9320014,3155,82432,114,2395,82432,19.47180707,British Columbia,59,Abbotsford - Mission (CMA)
,98432,4364,9330181.03,1990,101366,115,2045,101366,-2.894461654,British Columbia,59,Vancouver (CMA)
,98240,4350,9330182.01,1535,98008,116,960,98008,0.23671537,British Columbia,59,Vancouver (CMA)
,98048,4341,9330290.05,1140,98581,117,1120,98581,-0.540672138,British Columbia,59,Vancouver (CMA)
,98048,4340,9330028,1160,85717,118,1190,85717,14.38571112,British Columbia,59,Vancouver (CMA)
,97728,4320,9330230.01,1935,92539,119,1900,92539,5.607365543,British Columbia,59,Vancouver (CMA)
,97728,4319,9330184.13,1540,100549,120,875,100549,-2.805597271,British Columbia,59,Vancouver (CMA)
,97719,4318,9330231,1315,76583,121,1265,76583,27.59881436,British Columbia,59,Vancouver (CMA)
,97600,4311,9330188.08,1150,90650,122,1045,90650,7.666850524,British Columbia,59,Vancouver (CMA)
,97280,4293,9330183.01,2015,87396,123,1940,87396,11.30944208,British Columbia,59,Vancouver (CMA)
,97280,4292,9330140.04,1610,85711,124,1410,85711,13.49768408,British Columbia,59,Vancouver (CMA)
,97229,4289,9330292.04,1775,83408,125,1245,83408,16.57035296,British Columbia,59,Vancouver (CMA)
,97178,4284,9330501.03,1095,87974,126,1035,87974,10.46218201,British Columbia,59,Vancouver (CMA)
,96640,4264,9300022,370,88613,128,360,88613,9.058490289,British Columbia,59,Chilliwack (CA)
,96576,4262,9250002,910,91269,129,825,91269,5.814679683,British Columbia,59,Kamloops (CA)
,96329,4255,9330181.09,2225,103771,130,2210,103771,-7.171560455,British Columbia,59,Vancouver (CMA)
,96256,4252,9250001,455,88383,131,270,88383,8.90782164,British Columbia,59,Kamloops (CA)
,96000,4236,9330503.03,2460,88899,132,2415,88899,7.987716397,British Columbia,59,Vancouver (CMA)
,95872,4229,9320105,1535,83227,134,1370,83227,15.19338676,British Columbia,59,Abbotsford - Mission (CMA)
,95488,4207,9350160.05,1140,91075,135,980,91075,4.845457041,British Columbia,59,Victoria (CMA)
,95360,4191,9330260.05,1495,77436,137,1495,77436,23.14685676,British Columbia,59,Vancouver (CMA)
,95360,4190,9250003,930,84792,138,870,84792,12.46343995,British Columbia,59,Kamloops (CA)
,95019,4172,9330185.17,1320,95059,139,1285,95059,-0.04207913,British Columbia,59,Vancouver (CMA)
,94976,4170,9330403.04,1630,85391,140,1585,85391,11.22483634,British Columbia,59,Vancouver (CMA)
,94912,4164,9330260.04,1340,80503,142,1270,80503,17.89871185,British Columbia,59,Vancouver (CMA)
,94805,4155,9330200,2865,79202,143,1765,79202,19.70026009,British Columbia,59,Vancouver (CMA)
,94400,4144,9330161.05,2040,84657,145,1900,84657,11.50879431,British Columbia,59,Vancouver (CMA)
,94208,4137,9330187.16,910,79632,146,785,79632,18.30419932,British Columbia,59,Vancouver (CMA)
,94208,4138,9350160.04,2105,94266,147,1900,94266,-0.061528016,British Columbia,59,Victoria (CMA)
,94080,4125,9150004,2080,72122,148,1400,72122,30.44563379,British Columbia,59,Kelowna (CMA)
,93901,4116,9700101,1675,82351,149,1625,82351,14.0253306,British Columbia,59,Prince George (CA)
,93824,4113,9330504.11,4695,86243,150,550,86243,8.790278631,British Columbia,59,Vancouver (CMA)
,93747,4106,9300017.01,1645,93372,151,1225,93372,0.401619329,British Columbia,59,Chilliwack (CA)
,93568,4094,9330161.03,2485,86546,152,2320,86546,8.113604326,British Columbia,59,Vancouver (CMA)
,93525,4088,9150002,2490,80650,153,2075,80650,15.96404216,British Columbia,59,Kelowna (CMA)
,93440,4083,9330185.18,1460,87802,154,1145,87802,6.42126603,British Columbia,59,Vancouver (CMA)
,93440,4084,9350128,1580,85018,155,1440,85018,9.906137524,British Columbia,59,Victoria (CMA)
,93422,4076,9320011,2350,84881,156,2155,84881,10.06232255,British Columbia,59,Abbotsford - Mission (CMA)
,93330,4073,9380004,1240,93158,157,970,93158,0.18463256,British Columbia,59,Nanaimo (CA)
,93216,4061,9330504.12,1555,88848,158,995,88848,4.91626148,British Columbia,59,Vancouver (CMA)
,93013,4049,9250007,760,79689,161,510,79689,16.719999,British Columbia,59,Kamloops (CA)
,92928,4044,9330504.08,1545,88047,162,1515,88047,5.543630107,British Columbia,59,Vancouver (CMA)
,92928,4043,9330134,2695,105473,163,2580,105473,-11.89403923,British Columbia,59,Vancouver (CMA)
,92911,4042,9350154.01,3620,89852,164,2715,89852,3.404487379,British Columbia,59,Victoria (CMA)
,92818,4037,9330025,2690,94255,166,2610,94255,-1.524587555,British Columbia,59,Vancouver (CMA)
,92599,4024,9330059.07,2665,74142,167,2195,74142,24.89412209,British Columbia,59,Vancouver (CMA)
,92416,4014,9330131,2580,106739,169,2520,106739,-13.41871294,British Columbia,59,Vancouver (CMA)
,92331,4005,9150003.02,1485,84666,170,1280,84666,9.053220892,British Columbia,59,Kelowna (CMA)
,92160,4002,9350150.02,2425,87806,172,1835,87806,4.958658862,British Columbia,59,Victoria (CMA)
,91989,3990,9330188.06,460,98879,173,315,98879,-6.968112542,British Columbia,59,Vancouver (CMA)
,91776,3974,9330188.02,855,82513,176,680,82513,11.22610983,British Columbia,59,Vancouver (CMA)
,91750,3973,9150019.01,3035,98908,177,2085,98908,-7.23702835,British Columbia,59,Kelowna (CMA)
,91648,3968,9320106.05,1365,85796,178,1090,85796,6.820830808,British Columbia,59,Abbotsford - Mission (CMA)
,91575,3963,9320001,650,81307,179,730,81307,12.62867896,British Columbia,59,Abbotsford - Mission (CMA)
,91520,3961,9330104,2805,75263,180,2675,75263,21.60025511,British Columbia,59,Vancouver (CMA)
,91392,3957,9330182.06,395,79371,181,415,79371,15.14533016,British Columbia,59,Vancouver (CMA)
,91307,3950,9330504.05,2830,91599,182,2315,91599,-0.318780773,British Columbia,59,Vancouver (CMA)
,91179,3944,9330163.08,1265,87251,183,1205,87251,4.501954132,British Columbia,59,Vancouver (CMA)
,91136,3941,9330142.01,2050,89771,184,2070,89771,1.520535585,British Columbia,59,Vancouver (CMA)
,91136,3942,9700022,965,85392,186,900,85392,6.726625445,British Columbia,59,Prince George (CA)
,91051,3932,9380001.02,610,80250,187,485,80250,13.45919003,British Columbia,59,Nanaimo (CA)
,91040,3930,9330184.11,2605,91630,188,1955,91630,-0.643893921,British Columbia,59,Vancouver (CMA)
,90766,3921,9330234,2210,85993,189,2070,85993,5.550451781,British Columbia,59,Vancouver (CMA)
,90752,3920,9320207,675,78096,190,645,78096,16.20569555,British Columbia,59,Abbotsford - Mission (CMA)
,90304,3898,9320104,1735,85720,193,1565,85720,5.34764349,British Columbia,59,Abbotsford - Mission (CMA)
,90112,3887,9330203,1710,78917,194,1565,78917,14.18579013,British Columbia,59,Vancouver (CMA)
,90010,3878,9350121.04,1410,89562,196,1405,89562,0.500212144,British Columbia,59,Victoria (CMA)
,89971,3875,9330049.01,7725,78373,197,3465,78373,14.79846376,British Columbia,59,Vancouver (CMA)
,89856,3871,9330250.01,1495,86302,198,1340,86302,4.118096915,British Columbia,59,Vancouver (CMA)
,89549,3857,9330030,2585,70999,201,2305,70999,26.12712855,British Columbia,59,Vancouver (CMA)
,89391,3849,9320201.02,1490,85558,202,1385,85558,4.48000187,British Columbia,59,Abbotsford - Mission (CMA)
,89344,3847,9300015,1145,72117,203,940,72117,23.88757159,British Columbia,59,Chilliwack (CA)
,89242,3841,9330185.07,2585,81781,204,1760,81781,9.123145963,British Columbia,59,Vancouver (CMA)
,89088,3830,9150105.01,3220,70080,205,2265,70080,27.12328767,British Columbia,59,Kelowna (CMA)
,89088,3831,9350154.02,2915,83439,206,1380,83439,6.770215367,British Columbia,59,Victoria (CMA)
,89011,3822,9350151.03,3900,84537,207,2335,84537,5.292357193,British Columbia,59,Victoria (CMA)
,88960,3821,9330184.09,1305,89006,208,1285,89006,-0.051681909,British Columbia,59,Vancouver (CMA)
,88960,3820,9250006.02,1805,81341,209,1645,81341,9.36674002,British Columbia,59,Kamloops (CA)
,88883,3818,9330143.01,1650,80597,210,1635,80597,10.28077968,British Columbia,59,Vancouver (CMA)
,88883,3817,9250019,1640,85113,211,1455,85113,4.429405614,British Columbia,59,Kamloops (CA)
,88858,3815,9330140.02,3010,84279,212,2650,84279,5.433144674,British Columbia,59,Vancouver (CMA)
,88789,3808,9330059.08,3450,80831,213,3250,80831,9.845232646,British Columbia,59,Vancouver (CMA)
,88768,3807,9320204,1125,80168,214,990,80168,10.72747231,British Columbia,59,Abbotsford - Mission (CMA)
,88704,3806,9330160.02,3125,82994,215,3035,82994,6.880015423,British Columbia,59,Vancouver (CMA)
,88678,3802,9350121.03,1220,78310,216,1205,78310,13.23968842,British Columbia,59,Victoria (CMA)
,88448,3789,9330112,1095,71675,218,1045,71675,23.40146495,British Columbia,59,Vancouver (CMA)
,88320,3782,9330188.04,1165,90001,219,990,90001,-1.867757025,British Columbia,59,Vancouver (CMA)
,88247,3777,9380003,2335,81270,220,1890,81270,8.584963701,British Columbia,59,Nanaimo (CA)
,88013,3762,9300001,1320,79459,221,1245,79459,10.76530034,British Columbia,59,Chilliwack (CA)
,87913,3755,9150100,3135,76276,222,2855,76276,15.25643715,British Columbia,59,Kelowna (CMA)
,87904,3754,9330402.04,1505,87956,223,1325,87956,-0.059120469,British Columbia,59,Vancouver (CMA)
,87836,3747,9330045.01,2360,74818,224,2425,74818,17.39955626,British Columbia,59,Vancouver (CMA)
,87680,3737,9330151.06,1510,60820,225,1470,60820,44.16310424,British Columbia,59,Vancouver (CMA)
,87211,3710,9700019,855,80616,227,805,80616,8.180758162,British Columbia,59,Prince George (CA)
,87168,3705,9150019.04,1650,70699,228,1510,70699,23.29453033,British Columbia,59,Kelowna (CMA)
,87125,3703,9700016,2520,84887,229,2410,84887,2.636446099,British Columbia,59,Prince George (CA)
,87040,3698,9300021,315,65343,230,285,65343,33.20478093,British Columbia,59,Chilliwack (CA)
,87008,3697,9300014,980,74592,231,915,74592,16.64521665,British Columbia,59,Chilliwack (CA)
,86926,3695,9330181.13,1485,81159,232,1145,81159,7.105804655,British Columbia,59,Vancouver (CMA)
,86827,3689,9330232,1045,91566,233,975,91566,-5.175501824,British Columbia,59,Vancouver (CMA)
,86699,3681,9330184.16,1595,77897,234,1455,77897,11.29953657,British Columbia,59,Vancouver (CMA)
,86682,3678,9330189.03,1100,70415,235,1060,70415,23.10161187,British Columbia,59,Vancouver (CMA)
,86379,3660,9150101,1685,80476,237,1635,80476,7.335106119,British Columbia,59,Kelowna (CMA)
,86272,3652,9330184.12,2445,67375,238,410,67375,28.04749536,British Columbia,59,Vancouver (CMA)
,86272,3653,9350006,1135,72852,239,1060,72852,18.42090814,British Columbia,59,Victoria (CMA)
,86144,3644,9330031.01,2545,73382,241,2415,73382,17.39118585,British Columbia,59,Vancouver (CMA)
,86101,3643,9330221.03,1240,91514,242,1080,91514,-5.914941976,British Columbia,59,Vancouver (CMA)
,86016,3637,9320009.01,1940,80564,244,1940,80564,6.767290601,British Columbia,59,Abbotsford - Mission (CMA)
,85931,3630,9330141.02,395,82398,245,330,82398,4.28772543,British Columbia,59,Vancouver (CMA)
,85888,3628,9150105.02,1650,71491,246,1500,71491,20.13819921,British Columbia,59,Kelowna (CMA)
,85797,3622,9330042,2640,74700,247,2530,74700,14.85542169,British Columbia,59,Vancouver (CMA)
,85760,3620,9330235.02,1740,71688,248,1710,71688,19.62950564,British Columbia,59,Vancouver (CMA)
,85504,3606,9330027.01,1430,69833,249,1415,69833,22.44067991,British Columbia,59,Vancouver (CMA)
,85402,3595,9330403.01,1970,75225,250,1945,75225,13.52874709,British Columbia,59,Vancouver (CMA)
,85376,3593,9330163.07,1490,76822,251,1410,76822,11.13483117,British Columbia,59,Vancouver (CMA)
,85120,3580,9320100,1010,75887,252,980,75887,12.16677428,British Columbia,59,Abbotsford - Mission (CMA)
,84928,3568,9330113,2975,74140,253,2700,74140,14.55084974,British Columbia,59,Vancouver (CMA)
,84896,3566,9330185.12,1735,81083,254,1635,81083,4.702588705,British Columbia,59,Vancouver (CMA)
,84864,3565,9700007,595,67808,255,555,67808,25.15337423,British Columbia,59,Prince George (CA)
,84608,3548,9330502.07,2220,81505,256,2035,81505,3.807128397,British Columbia,59,Vancouver (CMA)
,84523,3543,9330143.04,1800,73849,257,1725,73849,14.45381793,British Columbia,59,Vancouver (CMA)
,84480,3542,9330220,435,70277,258,375,70277,20.21002604,British Columbia,59,Vancouver (CMA)
,84352,3537,9350153,650,80808,259,625,80808,4.385704386,British Columbia,59,Victoria (CMA)
,84261,3531,9330287.12,1350,73876,260,1215,73876,14.05733933,British Columbia,59,Vancouver (CMA)
,84224,3530,9330151.03,975,67072,261,675,67072,25.57251908,British Columbia,59,Vancouver (CMA)
,84130,3520,9330209,3950,78990,262,2675,78990,6.507152804,British Columbia,59,Vancouver (CMA)
,84053,3514,9330141.01,3295,76553,264,3135,76553,9.797134012,British Columbia,59,Vancouver (CMA)
,83968,3511,9330189.09,1390,70517,265,1195,70517,19.07483302,British Columbia,59,Vancouver (CMA)
,83968,3510,9330144.03,795,90340,266,660,90340,-7.053353996,British Columbia,59,Vancouver (CMA)
,83861,3497,9330029,2780,72357,267,2465,72357,15.89894551,British Columbia,59,Vancouver (CMA)
,83776,3492,9320008.03,1420,77643,268,1065,77643,7.898973507,British Columbia,59,Abbotsford - Mission (CMA)
,83552,3482,9330402.02,1955,74441,269,1730,74441,12.23922301,British Columbia,59,Vancouver (CMA)
,83456,3476,9330044,2115,88040,270,2105,88040,-5.206724216,British Columbia,59,Vancouver (CMA)
,83174,3447,9350133,3230,80192,271,2725,80192,3.718575419,British Columbia,59,Victoria (CMA)
,82859,3426,9330187.13,1165,77815,274,1080,77815,6.482040738,British Columbia,59,Vancouver (CMA)
,82816,3424,9330031.02,1775,61866,275,1655,61866,33.86351146,British Columbia,59,Vancouver (CMA)
,82798,3421,9330187.12,1360,71123,276,1275,71123,16.41522433,British Columbia,59,Vancouver (CMA)
,82733,3418,9330291.02,2950,75851,277,2635,75851,9.073051113,British Columbia,59,Vancouver (CMA)
,82716,3417,9330145.02,1020,82937,278,980,82937,-0.266467319,British Columbia,59,Vancouver (CMA)
,82432,3402,9330026,1760,77131,281,1770,77131,6.87272303,British Columbia,59,Vancouver (CMA)
,82409,3397,9330260.1,1980,78895,282,655,78895,4.454021167,British Columbia,59,Vancouver (CMA)
,82330,3395,9330504.13,1570,83262,283,1030,83262,-1.119358171,British Columbia,59,Vancouver (CMA)
,82176,3384,9330410.05,2010,72137,284,1825,72137,13.91657541,British Columbia,59,Vancouver (CMA)
,82034,3374,9330170.04,2295,72647,285,2240,72647,12.92138698,British Columbia,59,Vancouver (CMA)
,81888,3364,9330170.08,1760,69445,286,1785,69445,17.91777666,British Columbia,59,Vancouver (CMA)
,81856,3362,9350129.02,2370,72339,287,2310,72339,13.15611219,British Columbia,59,Victoria (CMA)
,81701,3352,9330002.04,1560,62800,288,1475,62800,30.09713376,British Columbia,59,Vancouver (CMA)
,81636,3347,9330033.01,1915,58314,289,1640,58314,39.99382653,British Columbia,59,Vancouver (CMA)
,81621,3346,9300019,1525,83140,290,1415,83140,-1.82703873,British Columbia,59,Chilliwack (CA)
,81504,3335,9250017,1760,77911,292,1455,77911,4.611672293,British Columbia,59,Kamloops (CA)
,81408,3330,9330008.01,575,68109,293,455,68109,19.52605383,British Columbia,59,Vancouver (CMA)
,81408,3331,9350001,1500,65870,294,1410,65870,23.5888872,British Columbia,59,Victoria (CMA)
,81385,3325,9330041.02,3695,70054,295,3270,70054,16.17466526,British Columbia,59,Vancouver (CMA)
,81338,3323,9330187.11,2205,68749,296,1210,68749,18.31153908,British Columbia,59,Vancouver (CMA)
,81280,3320,9320008.04,1685,70713,298,1655,70713,14.94350402,British Columbia,59,Abbotsford - Mission (CMA)
,81152,3312,9330201,600,77661,299,610,77661,4.49517776,British Columbia,59,Vancouver (CMA)
,81152,3311,9330187.06,2065,75554,300,1800,75554,7.409270191,British Columbia,59,Vancouver (CMA)
,81152,3310,9330142.02,1795,91601,301,1795,91601,-11.40708071,British Columbia,59,Vancouver (CMA)
,80939,3284,9330146,2365,76445,302,1960,76445,5.878736346,British Columbia,59,Vancouver (CMA)
,80640,3266,9150102.01,470,84505,304,400,84505,-4.573693864,British Columbia,59,Kelowna (CMA)
,80480,3239,9250018,2475,68037,306,1775,68037,18.28857827,British Columbia,59,Kamloops (CA)
,80469,3237,9350129.01,2350,67498,307,2175,67498,19.21686568,British Columbia,59,Victoria (CMA)
,80384,3233,9330238.01,1285,73647,308,920,73647,9.147691013,British Columbia,59,Vancouver (CMA)
,80235,3227,9330187.03,2260,74460,309,2040,74460,7.755842063,British Columbia,59,Vancouver (CMA)
,80071,3218,9330281.02,2390,69935,310,2340,69935,14.49345821,British Columbia,59,Vancouver (CMA)
,80000,3216,9330100.01,1605,68564,311,1425,68564,16.67930692,British Columbia,59,Vancouver (CMA)
,79744,3199,9330187.04,435,57853,312,435,57853,37.83900576,British Columbia,59,Vancouver (CMA)
,79488,3178,9350131,2105,73533,313,2110,73533,8.098404798,British Columbia,59,Victoria (CMA)
,79424,3174,9320008.01,2190,73102,314,1840,73102,8.6481902,British Columbia,59,Abbotsford - Mission (CMA)
,79360,3169,9330504.07,1320,77748,315,1295,77748,2.073365231,British Columbia,59,Vancouver (CMA)
,79360,3168,9330149.07,845,92823,316,860,92823,-14.50394837,British Columbia,59,Vancouver (CMA)
,79342,3163,9330238.02,2395,64141,317,2325,64141,23.69934987,British Columbia,59,Vancouver (CMA)
,79232,3155,9330187.15,1175,76242,318,1125,76242,3.921722935,British Columbia,59,Vancouver (CMA)
,79214,3153,9330183.06,980,67907,319,925,67907,16.65071348,British Columbia,59,Vancouver (CMA)
,79057,3142,9330184.08,1570,75863,320,1155,75863,4.210221056,British Columbia,59,Vancouver (CMA)
,78976,3137,9330054.01,1615,62175,321,1545,62175,27.022115,British Columbia,59,Vancouver (CMA)
,78746,3118,9330051.01,1310,57542,324,1280,57542,36.84960551,British Columbia,59,Vancouver (CMA)
,78738,3115,9320201.01,1550,67000,325,1430,67000,17.51940299,British Columbia,59,Abbotsford - Mission (CMA)
,78720,3113,9330228.02,1195,74948,326,1205,74948,5.032822757,British Columbia,59,Vancouver (CMA)
,78592,3105,9330190.04,2225,65867,328,2060,65867,19.31923421,British Columbia,59,Vancouver (CMA)
,78592,3104,9250101,680,58786,329,705,58786,33.6916953,British Columbia,59,Kamloops (CA)
,78490,3097,9150015,2350,70678,330,1905,70678,11.05294434,British Columbia,59,Kelowna (CMA)
,78299,3089,9380007,1805,70108,331,1460,70108,11.68340275,British Columbia,59,Nanaimo (CA)
,78251,3086,9250022,215,65933,332,215,65933,18.68260204,British Columbia,59,Kamloops (CA)
,78176,3078,9330049.02,3140,68329,333,3160,68329,14.41115778,British Columbia,59,Vancouver (CMA)
,78144,3074,9330054.02,1575,67630,334,1490,67630,15.54635517,British Columbia,59,Vancouver (CMA)
,78037,3066,9330149.02,1550,75527,335,1575,75527,3.323314841,British Columbia,59,Vancouver (CMA)
,77995,3060,9330233,2350,71299,336,2080,71299,9.391436065,British Columbia,59,Vancouver (CMA)
,77995,3059,9330184.1,1465,75476,337,1255,75476,3.337484763,British Columbia,59,Vancouver (CMA)
,77897,3052,9350125.02,1970,67645,338,1885,67645,15.15559169,British Columbia,59,Victoria (CMA)
,77894,3051,9330053.02,1390,56201,339,1170,56201,38.59895731,British Columbia,59,Vancouver (CMA)
,77824,3047,9330161.02,2365,71265,340,2180,71265,9.203676419,British Columbia,59,Vancouver (CMA)
,77824,3046,9330002.03,1290,73681,341,1100,73681,5.622887854,British Columbia,59,Vancouver (CMA)
,77824,3048,9350127,1990,69925,342,2015,69925,11.29638899,British Columbia,59,Victoria (CMA)
,77696,3033,9330170.07,1550,79738,343,1555,79738,-2.560886905,British Columbia,59,Vancouver (CMA)
,77653,3031,9330160.04,1810,68512,344,1610,68512,13.34218823,British Columbia,59,Vancouver (CMA)
,77568,3027,9330151.05,1155,68884,345,1100,68884,12.60670112,British Columbia,59,Vancouver (CMA)
,77488,3012,9330410.02,2985,68074,346,2470,68074,13.82906837,British Columbia,59,Vancouver (CMA)
,77440,3007,9330144.06,1750,78670,347,1580,78670,-1.563493072,British Columbia,59,Vancouver (CMA)
,77248,2994,9330410.04,590,78228,348,355,78228,-1.252748377,British Columbia,59,Vancouver (CMA)
,77141,2987,9330225.01,1840,66940,350,1755,66940,15.23902002,British Columbia,59,Vancouver (CMA)
,76826,2969,9330001.02,2090,68345,351,1695,68345,12.40910089,British Columbia,59,Vancouver (CMA)
,76390,2942,9320009.02,1935,70349,352,1860,70349,8.58718674,British Columbia,59,Abbotsford - Mission (CMA)
,76373,2941,9250020,1650,68211,353,1470,68211,11.96581197,British Columbia,59,Kamloops (CA)
,76361,2939,9350151.04,3405,75631,354,2365,75631,0.965212677,British Columbia,59,Victoria (CMA)
,76325,2933,9330186.01,2300,72434,356,2060,72434,5.37178673,British Columbia,59,Vancouver (CMA)
,76096,2925,9330045.02,2780,69726,359,2615,69726,9.135759975,British Columbia,59,Vancouver (CMA)
,76032,2922,9700100,540,46750,361,525,46750,62.63529412,British Columbia,59,Prince George (CA)
,75959,2911,9330187.05,1955,68441,362,1775,68441,10.98464371,British Columbia,59,Vancouver (CMA)
,75947,2907,9380002,2900,82186,363,2510,82186,-7.591317256,British Columbia,59,Nanaimo (CA)
,75904,2903,9330504.1,1570,66487,364,1540,66487,14.16367109,British Columbia,59,Vancouver (CMA)
,75849,2896,9330015.01,1735,72173,365,1400,72173,5.093317446,British Columbia,59,Vancouver (CMA)
,75808,2891,9700005,2780,68698,366,2485,68698,10.34964628,British Columbia,59,Prince George (CA)
,75744,2890,9330043.01,1670,81482,367,1645,81482,-7.042046096,British Columbia,59,Vancouver (CMA)
,75571,2881,9330186.07,1490,73538,368,1335,73538,2.7645571,British Columbia,59,Vancouver (CMA)
,75435,2874,9330185.2,1340,70640,369,1090,70640,6.787938845,British Columbia,59,Vancouver (CMA)
,75410,2871,9350130.02,3050,67222,370,3025,67222,12.18053613,British Columbia,59,Victoria (CMA)
,75315,2864,9330100.02,3220,66020,372,3065,66020,14.07906695,British Columbia,59,Vancouver (CMA)
,75154,2850,9330185.16,1265,63574,373,1235,63574,18.21499355,British Columbia,59,Vancouver (CMA)
,75136,2848,9300024,400,69380,374,365,69380,8.296339003,British Columbia,59,Chilliwack (CA)
,75136,2849,9380020,450,67863,375,390,67863,10.7171802,British Columbia,59,Nanaimo (CA)
,75051,2842,9350130.01,1345,67110,376,1305,67110,11.8328118,British Columbia,59,Victoria (CMA)
,74980,2838,9350152,2320,66145,377,2165,66145,13.35701867,British Columbia,59,Victoria (CMA)
,74778,2820,9330185.19,1895,71882,379,1300,71882,4.028825019,British Columbia,59,Vancouver (CMA)
,74752,2819,9330018.02,2400,70479,380,2180,70479,6.062798848,British Columbia,59,Vancouver (CMA)
,74606,2806,9150105.03,1875,60740,381,1385,60740,22.82844913,British Columbia,59,Kelowna (CMA)
,74528,2795,9700023,1595,74800,382,1430,74800,-0.363636364,British Columbia,59,Prince George (CA)
,74496,2793,9320206,1155,69183,383,1085,69183,7.67963228,British Columbia,59,Abbotsford - Mission (CMA)
,74470,2789,9330222.02,2550,68204,384,1875,68204,9.187144449,British Columbia,59,Vancouver (CMA)
,74403,2787,9330053.01,2465,64141,385,2230,64141,15.99912692,British Columbia,59,Vancouver (CMA)
,74272,2777,9330162.03,2340,64224,387,2135,64224,15.64524165,British Columbia,59,Vancouver (CMA)
,74176,2770,9330208,2720,65537,388,2540,65537,13.18186673,British Columbia,59,Vancouver (CMA)
,74043,2761,9380010,1495,74724,389,1270,74724,-0.911353782,British Columbia,59,Nanaimo (CA)
,74035,2760,9330506.02,2665,65438,390,2565,65438,13.13762646,British Columbia,59,Vancouver (CMA)
,74016,2758,9330163.06,1355,71524,391,1230,71524,3.484145182,British Columbia,59,Vancouver (CMA)
,73941,2746,9330181.1,2170,74431,392,2120,74431,-0.658327847,British Columbia,59,Vancouver (CMA)
,73877,2741,9330243.01,2205,65246,393,2100,65246,13.22839714,British Columbia,59,Vancouver (CMA)
,73813,2735,9330506.01,1485,66946,394,1375,66946,10.25752099,British Columbia,59,Vancouver (CMA)
,73813,2734,9330036.02,2045,70284,395,1785,70284,5.021057424,British Columbia,59,Vancouver (CMA)
,73600,2717,9330186.06,1095,65615,396,1050,65615,12.16947344,British Columbia,59,Vancouver (CMA)
,73472,2710,9330003.01,1080,62601,397,1095,62601,17.36553729,British Columbia,59,Vancouver (CMA)
,73280,2695,9330007.01,2160,75625,398,1890,75625,-3.100826446,British Columbia,59,Vancouver (CMA)
,73131,2687,9320004,2155,62638,399,2140,62638,16.751812,British Columbia,59,Abbotsford - Mission (CMA)
,73045,2682,9330140.03,1525,66426,400,1350,66426,9.964471743,British Columbia,59,Vancouver (CMA)
,72802,2665,9330032,3620,58518,401,2585,58518,24.40958338,British Columbia,59,Vancouver (CMA)
,72747,2660,9320203,1025,60138,402,1005,60138,20.96677641,British Columbia,59,Abbotsford - Mission (CMA)
,72747,2661,9330241,3015,64840,403,2990,64840,12.19463294,British Columbia,59,Vancouver (CMA)
,72590,2647,9330240.02,2120,59664,404,2015,59664,21.6646554,British Columbia,59,Vancouver (CMA)
,72558,2645,9330189.1,2280,64903,405,1740,64903,11.79452414,British Columbia,59,Vancouver (CMA)
,72533,2643,9330287.13,2910,57085,406,1825,57085,27.06139967,British Columbia,59,Vancouver (CMA)
,72485,2639,9330163.05,1815,75675,407,1695,75675,-4.21539478,British Columbia,59,Vancouver (CMA)
,72474,2637,9330181.14,1590,74628,408,1255,74628,-2.886316128,British Columbia,59,Vancouver (CMA)
,72448,2635,9330002.01,2510,62605,409,2390,62605,15.72238639,British Columbia,59,Vancouver (CMA)
,72294,2623,9150103,2455,53455,410,2150,53455,35.24272753,British Columbia,59,Kelowna (CMA)
,72290,2621,9330034.02,2485,61142,411,2180,61142,18.23296588,British Columbia,59,Vancouver (CMA)
,72141,2614,9330189.06,1015,58690,412,935,58690,22.91872551,British Columbia,59,Vancouver (CMA)
,72141,2613,9330001.01,2310,65219,413,2250,65219,10.61347153,British Columbia,59,Vancouver (CMA)
,71851,2586,9350101,1725,68756,415,1720,68756,4.50142533,British Columbia,59,Victoria (CMA)
,71851,2585,9330012,2905,65218,416,2690,65218,10.17050508,British Columbia,59,Vancouver (CMA)
,71834,2583,9330243.02,3535,71692,417,2450,71692,0.19806952,British Columbia,59,Vancouver (CMA)
,71782,2578,9330013.04,1105,60354,418,1035,60354,18.93495046,British Columbia,59,Vancouver (CMA)
,71774,2577,9330066,4595,61619,419,3510,61619,16.4803064,British Columbia,59,Vancouver (CMA)
,71680,2571,9330191.03,1620,68825,421,1485,68825,4.148201961,British Columbia,59,Vancouver (CMA)
,71648,2567,9320202,2575,63687,422,2510,63687,12.50019627,British Columbia,59,Abbotsford - Mission (CMA)
,71607,2563,9330184.06,3030,79360,423,995,79360,-9.769405242,British Columbia,59,Vancouver (CMA)
,71467,2552,9330010.02,1645,68333,424,1610,68333,4.586363836,British Columbia,59,Vancouver (CMA)
,71424,2549,9150017,2040,63226,425,1825,63226,12.9661848,British Columbia,59,Kelowna (CMA)
,71424,2550,9700017,1870,61887,426,1915,61887,15.41034466,British Columbia,59,Prince George (CA)
,71387,2544,9330191.05,1245,61542,427,1155,61542,15.99720516,British Columbia,59,Vancouver (CMA)
,71351,2539,9350102,2310,59157,428,2470,59157,20.61294521,British Columbia,59,Victoria (CMA)
,71168,2525,9330282.01,1605,66085,429,1365,66085,7.691609291,British Columbia,59,Vancouver (CMA)
,71145,2519,9330186.08,1925,64923,430,1700,64923,9.583660644,British Columbia,59,Vancouver (CMA)
,71014,2508,9380006,2690,61223,431,2550,61223,15.99235581,British Columbia,59,Nanaimo (CA)
,70912,2501,9350151.02,3965,64885,432,2605,64885,9.28874162,British Columbia,59,Victoria (CMA)
,70869,2494,9330037.01,2020,53297,433,2010,53297,32.96996079,British Columbia,59,Vancouver (CMA)
,70839,2490,9250005.01,2370,66124,434,2335,66124,7.130542617,British Columbia,59,Kamloops (CA)
,70827,2489,9330033.02,1020,58431,435,930,58431,21.21476613,British Columbia,59,Vancouver (CMA)
,70699,2480,9330502.02,1595,68887,436,1545,68887,2.630394704,British Columbia,59,Vancouver (CMA)
,70656,2478,9330501.01,1535,68591,437,1085,68591,3.010599058,British Columbia,59,Vancouver (CMA)
,70617,2472,9330019,1920,61611,438,1985,61611,14.6175196,British Columbia,59,Vancouver (CMA)
,70459,2464,9330047.01,2260,60020,439,2305,60020,17.39253582,British Columbia,59,Vancouver (CMA)
,70459,2463,9330039.02,2990,65366,440,2680,65366,7.791512407,British Columbia,59,Vancouver (CMA)
,70400,2462,9330222.01,2730,65137,441,1920,65137,8.079893148,British Columbia,59,Vancouver (CMA)
,70304,2457,9330237,2955,58527,442,2825,58527,20.1223367,British Columbia,59,Vancouver (CMA)
,70144,2442,9350121.01,2175,67571,443,2180,67571,3.807846561,British Columbia,59,Victoria (CMA)
,70067,2438,9330004.02,1685,64229,444,1540,64229,9.089352162,British Columbia,59,Vancouver (CMA)
,70016,2436,9330186.02,1965,59970,445,1795,59970,16.75170919,British Columbia,59,Vancouver (CMA)
,69888,2423,9150005,1495,63353,446,1420,63353,10.31521791,British Columbia,59,Kelowna (CMA)
,69717,2410,9330229,2705,64756,447,2525,64756,7.661066156,British Columbia,59,Vancouver (CMA)
,69717,2409,9330149.06,1740,67333,448,1655,67333,3.540611587,British Columbia,59,Vancouver (CMA)
,69646,2403,9330240.01,4250,60258,449,2600,60258,15.57967407,British Columbia,59,Vancouver (CMA)
,69427,2381,9330223.01,2985,63285,450,2045,63285,9.705301414,British Columbia,59,Vancouver (CMA)
,69376,2376,9350005,1900,69605,451,1865,69605,-0.328999353,British Columbia,59,Victoria (CMA)
,69280,2368,9350014.01,2040,56982,452,1945,56982,21.58225405,British Columbia,59,Victoria (CMA)
,69171,2356,9330284.02,3020,65912,453,2420,65912,4.944471416,British Columbia,59,Vancouver (CMA)
,69159,2355,9150006,2135,56438,454,1960,56438,22.53977816,British Columbia,59,Kelowna (CMA)
,69146,2354,9330185.15,1610,62120,455,1615,62120,11.31036703,British Columbia,59,Vancouver (CMA)
,69120,2351,9330183.03,2495,61156,456,2220,61156,13.02243443,British Columbia,59,Vancouver (CMA)
,69056,2343,9330144.05,930,65075,457,795,65075,6.117556665,British Columbia,59,Vancouver (CMA)
,68807,2317,9330118,3490,64010,458,3225,64010,7.49414154,British Columbia,59,Vancouver (CMA)
,68693,2309,9330035.01,1535,53732,460,1470,53732,27.84374302,British Columbia,59,Vancouver (CMA)
,68324,2290,9330242,2955,66353,461,2695,66353,2.97047609,British Columbia,59,Vancouver (CMA)
,68324,2289,9330052.02,2220,62880,462,2090,62880,8.657760814,British Columbia,59,Vancouver (CMA)
,68312,2287,9330202,4635,63200,463,3540,63200,8.088607595,British Columbia,59,Vancouver (CMA)
,68096,2266,9330149.08,1815,71460,464,1730,71460,-4.707528687,British Columbia,59,Vancouver (CMA)
,68096,2265,9330015.02,2055,55556,465,2165,55556,22.57181943,British Columbia,59,Vancouver (CMA)
,67994,2259,9700006,895,67344,466,870,67344,0.965193633,British Columbia,59,Prince George (CA)
,67840,2245,9330003.02,1315,62968,467,1250,62968,7.737263372,British Columbia,59,Vancouver (CMA)
,67776,2240,9330038,2900,44508,468,2410,44508,52.27824211,British Columbia,59,Vancouver (CMA)
,67767,2237,9380008,1840,61720,469,1490,61720,9.797472456,British Columbia,59,Nanaimo (CA)
,67738,2233,9330226.02,1410,68639,470,1390,68639,-1.312664812,British Columbia,59,Vancouver (CMA)
,67456,2215,9330027.02,1385,72495,471,1445,72495,-6.950824195,British Columbia,59,Vancouver (CMA)
,67191,2199,9330039.01,3365,50173,473,3165,50173,33.9186415,British Columbia,59,Vancouver (CMA)
,67188,2198,9330101.05,2335,56179,474,2120,56179,19.59629043,British Columbia,59,Vancouver (CMA)
,67170,2196,9330186.05,2250,66187,475,1950,66187,1.485185913,British Columbia,59,Vancouver (CMA)
,67149,2194,9330048,4775,57843,476,4105,57843,16.08837716,British Columbia,59,Vancouver (CMA)
,67129,2191,9350011,4165,56528,477,3160,56528,18.75353807,British Columbia,59,Victoria (CMA)
,67123,2189,9330006.01,1690,58841,478,1620,58841,14.07521966,British Columbia,59,Vancouver (CMA)
,67104,2188,9330210,2515,59312,479,2005,59312,13.1373078,British Columbia,59,Vancouver (CMA)
,67072,2187,9250008,1200,52500,480,1140,52500,27.75619048,British Columbia,59,Kamloops (CA)
,67021,2181,9330221.04,1705,69043,481,1525,69043,-2.928609707,British Columbia,59,Vancouver (CMA)
,66901,2170,9330047.02,2680,58743,482,2660,58743,13.88761214,British Columbia,59,Vancouver (CMA)
,66867,2166,9330185.22,950,63398,483,985,63398,5.471781444,British Columbia,59,Vancouver (CMA)
,74868,2830,9350160.07,2200,,378,,,,British Columbia,59,Victoria (CMA)
,66765,2151,9330187.14,1370,58112,484,1030,58112,14.890212,British Columbia,59,Vancouver (CMA)
,66645,2143,9330192,1350,62229,485,1430,62229,7.09636986,British Columbia,59,Vancouver (CMA)
,66496,2135,9350171,2810,59687,486,2595,59687,11.40784425,British Columbia,59,Victoria (CMA)
,66496,2134,9330149.05,670,54200,487,640,54200,22.68634686,British Columbia,59,Vancouver (CMA)
,66483,2133,9380009,2405,64658,488,2275,64658,2.822543227,British Columbia,59,Nanaimo (CA)
,66406,2123,9330282.02,1765,60830,489,1695,60830,9.166529673,British Columbia,59,Vancouver (CMA)
,66304,2117,9320002,420,64813,490,425,64813,2.300464413,British Columbia,59,Abbotsford - Mission (CMA)
,66219,2106,9250016,1520,57301,491,1385,57301,15.56342821,British Columbia,59,Kamloops (CA)
,66162,2102,9330185.1,1500,63274,492,1515,63274,4.564276006,British Columbia,59,Vancouver (CMA)
,66125,2098,9330006.02,1825,60110,494,1770,60110,10.00665447,British Columbia,59,Vancouver (CMA)
,66048,2094,9320005.01,1280,60832,495,995,60832,8.574434508,British Columbia,59,Abbotsford - Mission (CMA)
,66011,2089,9330036.01,2085,62866,496,1815,62866,5.002704164,British Columbia,59,Vancouver (CMA)
,65978,2083,9330013.01,2155,59415,498,1970,59415,11.04603215,British Columbia,59,Vancouver (CMA)
,65946,2081,9350124,2240,69952,499,2075,69952,-5.726784081,British Columbia,59,Victoria (CMA)
,65920,2079,9330059.11,4255,56943,500,2540,56943,15.76488769,British Columbia,59,Vancouver (CMA)
,65792,2072,9150019.02,2515,69772,501,1950,69772,-5.704293986,British Columbia,59,Kelowna (CMA)
,65664,2059,9350123.01,1110,55761,502,1090,55761,17.75972454,British Columbia,59,Victoria (CMA)
,65664,2058,9330016.04,2620,58625,503,2420,58625,12.00682303,British Columbia,59,Vancouver (CMA)
,65609,2054,9330018.01,2300,57819,504,2095,57819,13.47307978,British Columbia,59,Vancouver (CMA)
,65579,2052,9150016,1500,55775,505,1305,55775,17.57776782,British Columbia,59,Kelowna (CMA)
,65440,2042,9350123.02,1430,60978,506,1355,60978,7.317393158,British Columbia,59,Victoria (CMA)
,65067,2012,9330017.01,2645,57637,508,2130,57637,12.89102486,British Columbia,59,Vancouver (CMA)
,65024,2009,9350013.02,1770,57484,509,1660,57484,13.11669334,British Columbia,59,Victoria (CMA)
,64922,2000,9330035.02,2635,55150,510,2495,55150,17.71894832,British Columbia,59,Vancouver (CMA)
,64768,1990,9320101,1150,61732,512,960,61732,4.918032787,British Columbia,59,Abbotsford - Mission (CMA)
,64461,1968,9330185.09,1775,59469,513,1490,59469,8.394289462,British Columbia,59,Vancouver (CMA)
,64402,1961,9330041.01,2775,61964,514,2695,61964,3.934542638,British Columbia,59,Vancouver (CMA)
,64358,1951,9330144.04,2035,57450,515,1975,57450,12.02436902,British Columbia,59,Vancouver (CMA)
,64320,1948,9330287.15,1675,63879,516,1610,63879,0.690367726,British Columbia,59,Vancouver (CMA)
,64256,1942,9330143.03,1645,59417,517,1560,59417,8.144133834,British Columbia,59,Vancouver (CMA)
,64224,1940,9330185.11,2365,59878,518,2210,59878,7.258091453,British Columbia,59,Vancouver (CMA)
,64192,1936,9330037.02,1600,41880,519,1530,41880,53.27602674,British Columbia,59,Vancouver (CMA)
,64128,1930,9330034.01,1785,57626,520,1555,57626,11.28310138,British Columbia,59,Vancouver (CMA)
,64128,1929,9330014.01,1015,59204,521,880,59204,8.317005608,British Columbia,59,Vancouver (CMA)
,63936,1917,9330017.02,2290,56983,522,2025,56983,12.20188477,British Columbia,59,Vancouver (CMA)
,63915,1915,9330142.03,2295,62133,523,2210,62133,2.868041138,British Columbia,59,Vancouver (CMA)
,63898,1914,9330145.01,1435,65155,524,1375,65155,-1.929245645,British Columbia,59,Vancouver (CMA)
,63872,1912,9350111.02,3030,59612,525,2910,59612,7.146212172,British Columbia,59,Victoria (CMA)
,63872,1911,9330013.03,1560,55295,526,1460,55295,15.51134822,British Columbia,59,Vancouver (CMA)
,63762,1900,9330230.02,1825,53202,527,1745,53202,19.84887786,British Columbia,59,Vancouver (CMA)
,63707,1894,9300008,1750,55997,528,1575,55997,13.76859475,British Columbia,59,Chilliwack (CA)
,63502,1877,9330206,1695,54938,529,1035,54938,15.58848156,British Columbia,59,Vancouver (CMA)
,63488,1876,9380005,4365,59443,530,3555,59443,6.804838248,British Columbia,59,Nanaimo (CA)
,63334,1864,9330011,2310,58306,531,2220,58306,8.623469283,British Columbia,59,Vancouver (CMA)
,63206,1858,9330067.02,2585,55995,532,2335,55995,12.87793553,British Columbia,59,Vancouver (CMA)
,63147,1856,9330151.08,3800,63580,533,2015,63580,-0.681031771,British Columbia,59,Vancouver (CMA)
,62938,1843,9330101.06,2870,49813,534,2005,49813,26.34854355,British Columbia,59,Vancouver (CMA)
,62925,1841,9350110,2990,58693,535,2780,58693,7.210399877,British Columbia,59,Victoria (CMA)
,62771,1827,9330059.1,3925,50608,536,3015,50608,24.0337496,British Columbia,59,Vancouver (CMA)
,62752,1824,9330051.02,1735,57761,537,1520,57761,8.64077838,British Columbia,59,Vancouver (CMA)
,62541,1814,9330184.07,1920,63897,538,1770,63897,-2.12216536,British Columbia,59,Vancouver (CMA)
,62357,1805,9330130.01,2640,55568,539,2675,55568,12.21746329,British Columbia,59,Vancouver (CMA)
,62272,1796,9300028,2190,53752,540,1940,53752,15.850573,British Columbia,59,Chilliwack (CA)
,62080,1788,9330181.05,3490,60818,541,3560,60818,2.075043573,British Columbia,59,Vancouver (CMA)
,61931,1774,9250110,940,61709,542,1010,61709,0.359753034,British Columbia,59,Kamloops (CA)
,61824,1769,9330401.01,1300,59623,543,1090,59623,3.691528437,British Columbia,59,Vancouver (CMA)
,61600,1755,9330046,3060,56642,545,2965,56642,8.753221991,British Columbia,59,Vancouver (CMA)
,61568,1753,9250013,1500,58976,546,1495,58976,4.395008139,British Columbia,59,Kamloops (CA)
,61344,1741,9320003,2490,52460,547,2455,52460,16.93480747,British Columbia,59,Abbotsford - Mission (CMA)
,61333,1739,9350170,2790,57533,548,2600,57533,6.604905011,British Columbia,59,Victoria (CMA)
,61312,1738,9330149.09,1030,50932,549,1020,50932,20.38011466,British Columbia,59,Vancouver (CMA)
,61120,1718,9330223.02,1575,50750,550,1505,50750,20.43349754,British Columbia,59,Vancouver (CMA)
,61056,1714,9700010,525,64716,551,530,64716,-5.655479325,British Columbia,59,Prince George (CA)
,60946,1706,9330056.02,2295,47133,552,2310,47133,29.30643074,British Columbia,59,Vancouver (CMA)
,60907,1700,9330290.02,4265,51244,553,2830,51244,18.85684178,British Columbia,59,Vancouver (CMA)
,60749,1686,9150010.03,1435,50112,555,1405,50112,21.22645275,British Columbia,59,Kelowna (CMA)
,60595,1674,9330185.05,1765,57075,556,1690,57075,6.167323697,British Columbia,59,Vancouver (CMA)
,60544,1673,9330009,3200,57972,557,3220,57972,4.436624577,British Columbia,59,Vancouver (CMA)
,60463,1664,9330235.04,3000,48887,558,2565,48887,23.67909669,British Columbia,59,Vancouver (CMA)
,60331,1653,9150010.02,1875,49078,559,1575,49078,22.9288072,British Columbia,59,Kelowna (CMA)
,60032,1635,9330185.21,1270,60279,560,1145,60279,-0.409761277,British Columbia,59,Vancouver (CMA)
,59975,1624,9330040.02,2955,52240,561,2785,52240,14.80666156,British Columbia,59,Vancouver (CMA)
,59959,1623,9330016.01,1770,49226,562,1680,49226,21.80351847,British Columbia,59,Vancouver (CMA)
,59776,1607,9330103,3660,53297,563,3305,53297,12.15640655,British Columbia,59,Vancouver (CMA)
,59536,1599,9330184.02,2985,58834,564,2745,58834,1.193187613,British Columbia,59,Vancouver (CMA)
,59200,1581,9300025,1515,54365,565,1435,54365,8.893589626,British Columbia,59,Chilliwack (CA)
,59026,1570,9330004.01,1930,66647,566,1380,66647,-11.43487329,British Columbia,59,Vancouver (CMA)
,58832,1560,9330050.03,3680,41359,567,2840,41359,42.24715298,British Columbia,59,Vancouver (CMA)
,58829,1559,9330147.01,4095,51620,568,2305,51620,13.96551724,British Columbia,59,Vancouver (CMA)
,58688,1553,9330190.03,2475,51482,569,1610,51482,13.99712521,British Columbia,59,Vancouver (CMA)
,58453,1537,9330284.01,2870,54843,571,2655,54843,6.582426198,British Columbia,59,Vancouver (CMA)
,58432,1536,9350002,2175,52224,572,2050,52224,11.8872549,British Columbia,59,Victoria (CMA)
,58423,1534,9330062,2355,52974,573,2250,52974,10.28617813,British Columbia,59,Vancouver (CMA)
,58368,1530,9330190.05,645,52336,574,560,52336,11.52552736,British Columbia,59,Vancouver (CMA)
,58325,1527,9330016.05,1815,47211,575,1905,47211,23.54112389,British Columbia,59,Vancouver (CMA)
,58208,1516,9700015,1905,55053,576,1880,55053,5.730841189,British Columbia,59,Prince George (CA)
,58197,1515,9330010.01,2210,60307,577,1985,60307,-3.498764654,British Columbia,59,Vancouver (CMA)
,58112,1504,9150013,490,49241,578,455,49241,18.01547491,British Columbia,59,Kelowna (CMA)
,57824,1485,9250009,1520,50872,579,1530,50872,13.6656707,British Columbia,59,Kamloops (CA)
,57792,1482,9330287.06,1620,49356,580,1625,49356,17.09214685,British Columbia,59,Vancouver (CMA)
,57643,1474,9300007,1880,51393,581,1780,51393,12.16118927,British Columbia,59,Chilliwack (CA)
,57525,1471,9350126,3815,53201,582,3430,53201,8.127666773,British Columbia,59,Victoria (CMA)
,57415,1459,9150102.06,2225,47160,583,1905,47160,21.74512299,British Columbia,59,Kelowna (CMA)
,57280,1453,9330147.1,1940,52646,584,1865,52646,8.8021882,British Columbia,59,Vancouver (CMA)
,57173,1446,9330503.08,2425,52542,586,1450,52542,8.81390126,British Columbia,59,Vancouver (CMA)
,56960,1433,9330143.02,1615,52882,587,1540,52882,7.711508642,British Columbia,59,Vancouver (CMA)
,56875,1423,9300031,720,47737,588,705,47737,19.14238431,British Columbia,59,Chilliwack (CA)
,56864,1422,9250010,2420,49696,589,2320,49696,14.42369607,British Columbia,59,Kamloops (CA)
,56704,1416,9350009,1770,51435,590,1705,51435,10.24399728,British Columbia,59,Victoria (CMA)
,56544,1405,9330022,1680,51161,591,1680,51161,10.52168644,British Columbia,59,Vancouver (CMA)
,56115,1377,9380016,2865,45588,592,2270,45588,23.09160305,British Columbia,59,Nanaimo (CA)
,55936,1369,9330059.09,4510,44290,593,2980,44290,26.29487469,British Columbia,59,Vancouver (CMA)
,55893,1364,9330147.09,1605,48031,594,1675,48031,16.36859528,British Columbia,59,Vancouver (CMA)
,55723,1355,9330225.02,2790,54482,596,2035,54482,2.277816527,British Columbia,59,Vancouver (CMA)
,55723,1354,9330016.06,2445,46589,597,1920,46589,19.60548627,British Columbia,59,Vancouver (CMA)
,55698,1352,9330055.01,2610,40932,598,2415,40932,36.07446497,British Columbia,59,Vancouver (CMA)
,55616,1348,9330503.09,1220,49930,599,1300,49930,11.38794312,British Columbia,59,Vancouver (CMA)
,55050,1309,9330101.03,3255,50056,601,3090,50056,9.976825955,British Columbia,59,Vancouver (CMA)
,54912,1301,9330503.06,2215,51635,602,2070,51635,6.346470417,British Columbia,59,Vancouver (CMA)
,54898,1298,9150009.02,2195,46160,603,2000,46160,18.92980936,British Columbia,59,Kelowna (CMA)
,54683,1278,9330283,3250,54832,604,2625,54832,-0.27173913,British Columbia,59,Vancouver (CMA)
,54656,1275,9700014,2020,45430,605,1985,45430,20.30816641,British Columbia,59,Prince George (CA)
,54528,1267,9250015,1925,48592,606,1855,48592,12.21600263,British Columbia,59,Kamloops (CA)
,54408,1256,9330190.01,3865,50354,607,2450,50354,8.050998928,British Columbia,59,Vancouver (CMA)
,54272,1250,9350122,1610,51011,608,1655,51011,6.392738821,British Columbia,59,Victoria (CMA)
,53984,1222,9330147.04,2420,49828,609,2330,49828,8.34069198,British Columbia,59,Vancouver (CMA)
,53867,1213,9330207,1435,53099,610,1365,53099,1.446354922,British Columbia,59,Vancouver (CMA)
,53632,1196,9330189.05,3535,48161,612,3285,48161,11.35981396,British Columbia,59,Vancouver (CMA)
,53606,1193,9330040.01,2845,51258,613,2420,51258,4.580748371,British Columbia,59,Vancouver (CMA)
,53595,1192,9330052.01,2225,50761,614,1980,50761,5.583026339,British Columbia,59,Vancouver (CMA)
,53531,1188,9150008,3470,47928,615,3100,47928,11.69045235,British Columbia,59,Kelowna (CMA)
,53299,1173,9330060.01,2060,49611,616,2030,49611,7.433835238,British Columbia,59,Vancouver (CMA)
,53269,1170,9330101.04,2475,46660,617,1915,46660,14.16416631,British Columbia,59,Vancouver (CMA)
,53157,1159,9330204.01,2410,49901,618,2310,49901,6.52491934,British Columbia,59,Vancouver (CMA)
,53120,1158,9350111.01,2475,50024,619,2305,50024,6.189029266,British Columbia,59,Victoria (CMA)
,53056,1152,9330228.04,2525,47337,620,2315,47337,12.08145848,British Columbia,59,Vancouver (CMA)
,53029,1148,9330014.02,2055,44975,621,1810,44975,17.90772651,British Columbia,59,Vancouver (CMA)
,52937,1143,9350014.02,2065,46779,622,1975,46779,13.16402659,British Columbia,59,Victoria (CMA)
,52864,1139,9380011,2420,47281,624,2045,47281,11.80812589,British Columbia,59,Nanaimo (CA)
,52626,1117,9330191.06,1135,41915,625,875,41915,25.55409758,British Columbia,59,Vancouver (CMA)
,52544,1110,9150014,1760,47234,626,1510,47234,11.24190202,British Columbia,59,Kelowna (CMA)
,52425,1101,9330063,2550,45675,627,2245,45675,14.77832512,British Columbia,59,Vancouver (CMA)
,51566,1038,9330181.11,1395,52016,628,1335,52016,-0.865118425,British Columbia,59,Vancouver (CMA)
,51531,1036,9330061,3510,47300,629,3290,47300,8.945031712,British Columbia,59,Vancouver (CMA)
,51085,996,9330401.02,3870,48667,630,3355,48667,4.96845912,British Columbia,59,Vancouver (CMA)
,51072,995,9150010.01,1520,39729,631,1525,39729,28.55093257,British Columbia,59,Kelowna (CMA)
,50886,979,9350003.01,3345,44751,633,3340,44751,13.70919086,British Columbia,59,Victoria (CMA)
,50859,974,9330402.03,2280,48201,634,1790,48201,5.514408415,British Columbia,59,Vancouver (CMA)
,50816,971,9350003.02,3660,43640,635,3345,43640,16.4436297,British Columbia,59,Victoria (CMA)
,50816,970,9330287.16,2005,53300,636,1640,53300,-4.660412758,British Columbia,59,Vancouver (CMA)
,50670,953,9330050.02,3475,36867,637,3350,36867,37.43998698,British Columbia,59,Vancouver (CMA)
,50667,951,9330068,3495,48458,638,3285,48458,4.558586817,British Columbia,59,Vancouver (CMA)
,50613,947,9330065,4515,43044,639,4145,43044,17.58433231,British Columbia,59,Vancouver (CMA)
,50576,943,9330055.02,2440,43174,640,2435,43174,17.14457776,British Columbia,59,Vancouver (CMA)
,50560,942,9250200,1090,54497,641,1090,54497,-7.224250876,British Columbia,59,Kamloops (CA)
,50400,932,9330130.03,2445,49946,642,2365,49946,0.9089817,British Columbia,59,Vancouver (CMA)
,50096,915,9330227.02,2760,44839,643,2720,44839,11.72416869,British Columbia,59,Vancouver (CMA)
,49998,907,9330060.02,3985,41409,644,3730,41409,20.74186771,British Columbia,59,Vancouver (CMA)
,49440,872,9330147.05,1830,48022,645,1545,48022,2.952813294,British Columbia,59,Vancouver (CMA)
,49344,864,9350125.01,2705,45077,647,2560,45077,9.466024802,British Columbia,59,Victoria (CMA)
,49216,858,9320007.02,2865,46840,648,2525,46840,5.072587532,British Columbia,59,Abbotsford - Mission (CMA)
,49008,840,9320200,1775,45392,650,1750,45392,7.966161438,British Columbia,59,Abbotsford - Mission (CMA)
,48768,828,9330064,3085,41088,651,3000,41088,18.69158879,British Columbia,59,Vancouver (CMA)
,48597,822,9320102,2200,46032,652,2005,46032,5.572210636,British Columbia,59,Abbotsford - Mission (CMA)
,48540,820,9330191.04,3245,46983,653,2090,46983,3.313964626,British Columbia,59,Vancouver (CMA)
,48474,816,9330204.02,2685,46098,654,2580,46098,5.154236626,British Columbia,59,Vancouver (CMA)
,48192,795,9330170.03,2590,43176,655,2330,43176,11.61756531,British Columbia,59,Vancouver (CMA)
,48081,786,9330147.08,3530,47294,658,2750,47294,1.664058866,British Columbia,59,Vancouver (CMA)
,47781,765,9350012,3050,44372,659,2585,44372,7.68277292,British Columbia,59,Victoria (CMA)
,47531,744,9330228.03,2215,40431,660,2195,40431,17.56078257,British Columbia,59,Vancouver (CMA)
,47232,727,9330205.02,3055,43451,661,2845,43451,8.701756001,British Columbia,59,Vancouver (CMA)
,46805,695,9350004,3955,41965,662,3785,41965,11.53342071,British Columbia,59,Victoria (CMA)
,46746,693,9700008,1845,41767,663,1855,41767,11.92089449,British Columbia,59,Prince George (CA)
,46513,675,9150007,3735,41112,665,3305,41112,13.13728352,British Columbia,59,Kelowna (CMA)
,46315,660,9380012,1815,42438,666,1705,42438,9.135680287,British Columbia,59,Nanaimo (CA)
,45792,634,9350008,2000,41087,667,1970,41087,11.45131063,British Columbia,59,Victoria (CMA)
,45491,616,9380013,2385,41342,668,2185,41342,10.03579895,British Columbia,59,Nanaimo (CA)
,45483,614,9330205.01,2430,41745,669,2215,41745,8.954365792,British Columbia,59,Vancouver (CMA)
,45120,592,9700013,1040,38961,670,1040,38961,15.80811581,British Columbia,59,Prince George (CA)
,44902,573,9150009.01,1755,40578,671,1590,40578,10.6560205,British Columbia,59,Kelowna (CMA)
,44730,562,9380014,3035,40002,672,2670,40002,11.81940903,British Columbia,59,Nanaimo (CA)
,44442,542,9330224.01,3195,40022,674,2570,40022,11.04392584,British Columbia,59,Vancouver (CMA)
,44395,539,9330226.04,1230,40820,675,1205,40820,8.757961783,British Columbia,59,Vancouver (CMA)
,44357,535,9350007,3470,40189,676,3405,40189,10.37099704,British Columbia,59,Victoria (CMA)
,44325,533,9330191.07,2055,44043,677,1195,44043,0.640283359,British Columbia,59,Vancouver (CMA)
,44203,523,9330285.01,1855,39992,678,1690,39992,10.52960592,British Columbia,59,Vancouver (CMA)
,44181,521,9300010,775,37675,679,595,37675,17.26874585,British Columbia,59,Chilliwack (CA)
,44160,520,9330005,4325,40034,680,4140,40034,10.3062397,British Columbia,59,Vancouver (CMA)
,44032,506,9320007.01,2035,41054,681,1775,41054,7.253860769,British Columbia,59,Abbotsford - Mission (CMA)
,44006,504,9330170.05,1805,46449,682,1605,46449,-5.25953196,British Columbia,59,Vancouver (CMA)
,44000,503,9350010,5570,32522,683,4170,32522,35.29303241,British Columbia,59,Victoria (CMA)
,43995,502,9330050.04,1875,36016,684,1910,36016,22.15404265,British Columbia,59,Vancouver (CMA)
,43989,501,9330067.01,2545,35774,685,2550,35774,22.96360485,British Columbia,59,Vancouver (CMA)
,43981,499,9320103,880,33447,686,590,33447,31.4946034,British Columbia,59,Abbotsford - Mission (CMA)
,43241,473,9330287.09,3160,45636,687,960,45636,-5.248049785,British Columbia,59,Vancouver (CMA)
,43187,469,9300004,800,39510,688,790,39510,9.306504682,British Columbia,59,Chilliwack (CA)
,42510,427,9330235.03,2205,44073,690,1710,44073,-3.546388946,British Columbia,59,Vancouver (CMA)
,42304,414,9300009,235,42769,691,230,42769,-1.087236082,British Columbia,59,Chilliwack (CA)
,42240,411,9700011,1455,40897,693,1395,40897,3.283859452,British Columbia,59,Prince George (CA)
,42061,396,9330151.07,1535,46710,694,1015,46710,-9.952900878,British Columbia,59,Vancouver (CMA)
,41933,389,9150009.03,1475,38775,695,1455,38775,8.144422953,British Columbia,59,Kelowna (CMA)
,41891,386,9320006,2730,39175,696,2595,39175,6.93299298,British Columbia,59,Abbotsford - Mission (CMA)
,41888,385,9150011,2090,36069,697,1985,36069,16.13296737,British Columbia,59,Kelowna (CMA)
,41728,376,9250014,1580,34609,698,1430,34609,20.56979398,British Columbia,59,Kamloops (CA)
,41685,373,9320005.02,3080,39421,699,2950,39421,5.743131833,British Columbia,59,Abbotsford - Mission (CMA)
,41293,360,9330056.01,2400,34545,701,2160,34545,19.53394124,British Columbia,59,Vancouver (CMA)
,41056,346,9350013.01,2205,36167,702,2280,36167,13.51784776,British Columbia,59,Victoria (CMA)
,40425,320,9330227.01,2570,33443,703,1820,33443,20.87731364,British Columbia,59,Vancouver (CMA)
,39134,264,9330226.03,3840,39016,705,2795,39016,0.302440025,British Columbia,59,Vancouver (CMA)
,38933,255,9330130.04,1310,33911,707,1240,33911,14.8093539,British Columbia,59,Vancouver (CMA)
,38891,253,9330224.02,1965,33760,708,1595,33760,15.19845972,British Columbia,59,Vancouver (CMA)
,38821,251,9250012,2055,33709,709,1910,33709,15.16508944,British Columbia,59,Kamloops (CA)
,38418,236,9380015,2795,33780,710,2355,33780,13.73001776,British Columbia,59,Nanaimo (CA)
,37739,215,9300006,1170,37677,711,1100,37677,0.164556626,British Columbia,59,Chilliwack (CA)
,36759,191,9330148,5330,37231,712,2420,37231,-1.267760737,British Columbia,59,Vancouver (CMA)
,36352,180,9300030,225,38528,713,160,38528,-5.647840532,British Columbia,59,Chilliwack (CA)
,34880,141,9330147.07,2765,32030,717,1770,32030,8.897908211,British Columbia,59,Vancouver (CMA)
,33920,123,9330057.02,2225,30005,718,2310,30005,13.04782536,British Columbia,59,Vancouver (CMA)
,32815,100,9300005,1935,31927,719,1695,31927,2.781344943,British Columbia,59,Chilliwack (CA)
,32117,88,9330503.07,2675,30706,720,2510,30706,4.595193122,British Columbia,59,Vancouver (CMA)
,32000,86,9300003,1040,29531,721,855,29531,8.360705699,British Columbia,59,Chilliwack (CA)
,27258,41,9330059.06,4380,14192,722,4450,14192,92.06595265,British Columbia,59,Vancouver (CMA)
,24299,20,9330057.01,1475,19421,723,1475,19421,25.11714124,British Columbia,59,Vancouver (CMA)
,17051,1,9330058,2090,13520,724,2370,13520,26.11686391,British Columbia,59,Vancouver (CMA)
,90581,3911,9300023.02,1030,,191,,,,British Columbia,59,Chilliwack (CA)
,52864,1138,9300020.02,380,,623,,,,British Columbia,59,Chilliwack (CA)
,71680,2572,9380019.02,2990,,420,,,,British Columbia,59,Nanaimo (CA)
,55782,1357,9300018.01,1185,,595,,,,British Columbia,59,Chilliwack (CA)
,117120,5102,9320106.06,1190,,26,,,,British Columbia,59,Abbotsford - Mission (CMA)
,114176,5029,9330286.03,1340,,34,,,,British Columbia,59,Vancouver (CMA)
,111488,4933,9330505.04,1890,,43,,,,British Columbia,59,Vancouver (CMA)
,108117,4814,9330280.02,1070,,56,,,,British Columbia,59,Vancouver (CMA)
,107648,4799,9350180.04,2230,,57,,,,British Columbia,59,Victoria (CMA)
,102997,4612,9330287.14,1375,,76,,,,British Columbia,59,Vancouver (CMA)
,102016,4569,9330400.09,1725,,83,,,,British Columbia,59,Vancouver (CMA)
,101717,4550,9250021.01,720,,87,,,,British Columbia,59,Kamloops (CA)
,100901,4514,9300016.02,1045,,91,,,,British Columbia,59,Chilliwack (CA)
,100890,4513,9330281.01,2110,,92,,,,British Columbia,59,Vancouver (CMA)
,99744,4446,9350180.06,2395,,99,,,,British Columbia,59,Victoria (CMA)
,97024,4281,9330286.02,2665,,127,,,,British Columbia,59,Vancouver (CMA)
,95949,4233,9700103.02,1320,,133,,,,British Columbia,59,Prince George (CA)
,95415,4194,9330286.01,1920,,136,,,,British Columbia,59,Vancouver (CMA)
,94950,4166,9330180.03,3130,,141,,,,British Columbia,59,Vancouver (CMA)
,94771,4151,9330287.11,1765,,144,,,,British Columbia,59,Vancouver (CMA)
,93139,4054,9330180.04,3675,,159,,,,British Columbia,59,Vancouver (CMA)
,93099,4052,9330290.07,2130,,160,,,,British Columbia,59,Vancouver (CMA)
,92858,4039,9300016.01,3335,,165,,,,British Columbia,59,Chilliwack (CA)
,92562,4022,9330111.05,1720,,168,,,,British Columbia,59,Vancouver (CMA)
,92160,4001,9300032,525,,171,,,,British Columbia,59,Chilliwack (CA)
,91904,3986,9330111.07,1680,,174,,,,British Columbia,59,Vancouver (CMA)
,91853,3981,9320013.02,970,,175,,,,British Columbia,59,Abbotsford - Mission (CMA)
,91136,3940,9150102.05,2790,,185,,,,British Columbia,59,Kelowna (CMA)
,90368,3903,9330161.09,800,,192,,,,British Columbia,59,Vancouver (CMA)
,90027,3882,9300013,600,,195,,,,British Columbia,59,Chilliwack (CA)
,89710,3864,9350160.09,1440,,199,,,,British Columbia,59,Victoria (CMA)
,89600,3859,9150104.02,3035,,200,,,,British Columbia,59,Kelowna (CMA)
,88670,3800,9330183.09,4375,,217,,,,British Columbia,59,Vancouver (CMA)
,87625,3730,9350155.04,1820,,226,,,,British Columbia,59,Victoria (CMA)
,86656,3676,9150018.02,635,,236,,,,British Columbia,59,Kelowna (CMA)
,86144,3645,9330504.15,725,,240,,,,British Columbia,59,Vancouver (CMA)
,86080,3641,9330403.07,1965,,243,,,,British Columbia,59,Vancouver (CMA)
,84053,3515,9330161.08,325,,263,,,,British Columbia,59,Vancouver (CMA)
,83063,3444,9330183.08,3290,,272,,,,British Columbia,59,Vancouver (CMA)
,82871,3429,9380001.04,1455,,273,,,,British Columbia,59,Nanaimo (CA)
,82688,3416,9300018.02,1650,,279,,,,British Columbia,59,Chilliwack (CA)
,82615,3408,9330260.07,2170,,280,,,,British Columbia,59,Vancouver (CMA)
,81568,3343,9330500.02,2185,,291,,,,British Columbia,59,Vancouver (CMA)
,81280,3321,9330239.01,2015,,297,,,,British Columbia,59,Vancouver (CMA)
,80710,3270,9330102.02,2420,,303,,,,British Columbia,59,Vancouver (CMA)
,80567,3251,9330181.16,2100,,305,,,,British Columbia,59,Vancouver (CMA)
,78976,3136,9250100.03,1825,,322,,,,British Columbia,59,Kamloops (CA)
,78822,3125,9330059.14,4860,,323,,,,British Columbia,59,Vancouver (CMA)
,78702,3112,9330111.04,920,,327,,,,British Columbia,59,Vancouver (CMA)
,77227,2991,9150104.01,570,,349,,,,British Columbia,59,Kelowna (CMA)
,76331,2935,9350156.04,1990,,355,,,,British Columbia,59,Victoria (CMA)
,76224,2930,9250021.02,1385,,357,,,,British Columbia,59,Kamloops (CA)
,76160,2928,9330260.12,2140,,358,,,,British Columbia,59,Vancouver (CMA)
,76087,2924,9350156.06,4045,,360,,,,British Columbia,59,Victoria (CMA)
,75406,2868,9330287.01,3140,,371,,,,British Columbia,59,Vancouver (CMA)
,74333,2782,9350150.05,1725,,386,,,,British Columbia,59,Victoria (CMA)
,72082,2608,9330059.13,2600,,414,,,,British Columbia,59,Vancouver (CMA)
,68787,2315,9300017.02,2615,,459,,,,British Columbia,59,Chilliwack (CA)
,67212,2202,9330239.02,2620,,472,,,,British Columbia,59,Vancouver (CMA)
,66125,2099,9330291.01,3090,,493,,,,British Columbia,59,Vancouver (CMA)
,66005,2088,9300002.02,1395,,497,,,,British Columbia,59,Chilliwack (CA)
,65280,2030,9250100.02,105,,507,,,,British Columbia,59,Kamloops (CA)
,64832,1992,9330189.07,1265,,511,,,,British Columbia,59,Vancouver (CMA)
,61696,1761,9300011.02,1390,,544,,,,British Columbia,59,Chilliwack (CA)
,60848,1695,9380017.02,2780,,554,,,,British Columbia,59,Nanaimo (CA)
,58560,1542,9150012,1570,,570,,,,British Columbia,59,Kelowna (CMA)
,57216,1450,9350156.01,1205,,585,,,,British Columbia,59,Victoria (CMA)
,55168,1318,9330102.01,160,,600,,,,British Columbia,59,Vancouver (CMA)
,53742,1205,9150102.04,3645,,611,,,,British Columbia,59,Kelowna (CMA)
,50987,985,9150018.01,855,,632,,,,British Columbia,59,Kelowna (CMA)
,49408,870,9300020.03,2020,,646,,,,British Columbia,59,Chilliwack (CA)
,49195,855,9350160.06,770,,649,,,,British Columbia,59,Victoria (CMA)
,48141,790,9330069.01,3880,,656,,,,British Columbia,59,Vancouver (CMA)
,48102,787,9350150.04,890,,657,,,,British Columbia,59,Victoria (CMA)
,46720,689,9380019.01,100,,664,,,,British Columbia,59,Nanaimo (CA)
,44709,559,9330189.08,2825,,673,,,,British Columbia,59,Vancouver (CMA)
,,5642,9700009,135,,748,115,,,British Columbia,59,Prince George (CA)
,42816,448,9330500.01,285,,689,,,,British Columbia,59,Vancouver (CMA)
,42240,410,9380017.01,120,,692,,,,British Columbia,59,Nanaimo (CA)
,41600,368,9350160.08,225,,700,,,,British Columbia,59,Victoria (CMA)
,39296,274,9250011,1005,,704,,,,British Columbia,59,Kamloops (CA)
,39104,262,9330069.02,2130,,706,,,,British Columbia,59,Vancouver (CMA)
,36224,175,9350180.03,90,,714,,,,British Columbia,59,Victoria (CMA)
,35968,173,9300011.01,200,,715,,,,British Columbia,59,Chilliwack (CA)
,35456,158,9330403.06,65,,716,,,,British Columbia,59,Vancouver (CMA)
,,5636,9330505.03,30,,725,,,,British Columbia,59,Vancouver (CMA)
,,5635,9330504.14,15,,726,,,,British Columbia,59,Vancouver (CMA)
,,5634,9330280.01,25,,727,,,,British Columbia,59,Vancouver (CMA)
,,5633,9330260.11,75,,728,,,,British Columbia,59,Vancouver (CMA)
,,5632,9330251.02,45,,729,,,,British Columbia,59,Vancouver (CMA)
,,5631,9330181.15,60,,730,,,,British Columbia,59,Vancouver (CMA)
,,5630,9330111.06,35,,731,,,,British Columbia,59,Vancouver (CMA)
,,5619,9250100.01,15,,732,,,,British Columbia,59,Kamloops (CA)
,,5620,9300012.01,60,,733,,,,British Columbia,59,Chilliwack (CA)
,,5621,9300012.03,30,,734,,,,British Columbia,59,Chilliwack (CA)
,,5622,9300012.05,45,,735,,,,British Columbia,59,Chilliwack (CA)
,,5623,9300012.07,75,,736,,,,British Columbia,59,Chilliwack (CA)
,,5624,9300020.01,15,,737,,,,British Columbia,59,Chilliwack (CA)
,,5625,9300026,75,,738,75,,,British Columbia,59,Chilliwack (CA)
,,5626,9300033,75,,739,,,,British Columbia,59,Chilliwack (CA)
,,5627,9320010,30,,740,,,,British Columbia,59,Abbotsford - Mission (CMA)
,,5628,9320013.01,30,,741,,,,British Columbia,59,Abbotsford - Mission (CMA)
,,5629,9320106.03,60,,742,,,,British Columbia,59,Abbotsford - Mission (CMA)
,,5637,9350155.03,40,,743,,,,British Columbia,59,Victoria (CMA)
,,5638,9350156.05,85,,744,,,,British Columbia,59,Victoria (CMA)
,,5639,9350180.05,30,,745,,,,British Columbia,59,Victoria (CMA)
,,5640,9380001.03,80,,746,,,,British Columbia,59,Nanaimo (CA)
,,5641,9700001,135,,747,75,,,British Columbia,59,Prince George (CA)
,,5643,9700012,105,,749,,,,British Columbia,59,Prince George (CA)
,,5644,9700018,90,,750,50,,,British Columbia,59,Prince George (CA)
,,5645,9700103.01,30,,751,,,,British Columbia,59,Prince George (CA)
